{"oz2oBATh56Qjz8wjNAdOxw==":"mbr-107x107.jpeg","aNaH81oVECl6YC2BDRiQxQ==":"homepageslide1-1024x634.jpg","6gzV0shbaBbMNC+dQzA+fQ==":"homepageslide3-1600x1067.jpg","7Vp5musGFcAlxQhjwvpgRw==":"homepageslide2-1.jpeg","chsMJ0pPHI99jHzGdbx/vg==":"homepageslide4-2.jpg","npc1tutYprdUZywvQLIZ/Q==":"servicescardbg.jpg","Y9k5RkzS6kguezvGoNHtKw==":"servicescardbg-1.jpg","+BlQ4dBkoGaZ3+Cspqyqyg==":"mbr.jpg","FNIkyTkhiMfU8EfILiunqQ==":"kilaucleanixlogo.png","CxLhHfJ/yjvXm2uK7b2O3A==":"mbr-1.jpg","j+sqtmSb1lQNh/K7bsjQNQ==":"mbr-2.jpg","tBmtvnaQ9vI21br8bOjtHQ==":"aboutusbg.jpg","SBIUAWadEALULcxiPlNgvQ==":"aboutusbg-1.jpg","aE+kaioGAYzzyQo8kDGm5Q==":"servicescardbg-2.jpg","HVfgyqUHcG990rAv31BuFA==":"cleaningbadge.jpeg","AQe6qGjKVddKOMJ7yoLPyg==":"about-us1.jpg","mDiPGgro/TMKP74ofGqfvg==":"service1-2.jpg","d6t9cbFLICCJIJLD1/Zy1A==":"promo.jpg","ZvJSPSQ1/QueExFVMQQANA==":"tips.jpg","sLSMaz6bQxJwlGynqL6mOw==":"teamcard1.png","YS5iwEYhFhjVjaPQMGZUOw==":"teamcard1-1.png","d6pB4KalLXLl6GC2bC+vzw==":"kilaucleanixlogo2.png"}